0.000000, 0.000000, 0.998334, 0.00166583
0.100000, 0.099833, 0.988359, 0.00664502
0.200000, 0.198669, 0.968509, 0.01155782
0.300000, 0.295520, 0.938981, 0.01635513
0.400000, 0.389418, 0.900072, 0.02098903
0.500000, 0.479426, 0.852169, 0.02541321
0.600000, 0.564642, 0.795752, 0.02958348
0.700000, 0.644218, 0.731384, 0.03345815
0.800000, 0.717356, 0.659708, 0.03699852
0.900000, 0.783327, 0.581441, 0.04016922
1.000000, 0.841471, 0.497364, 0.04293855
1.100000, 0.891207, 0.408317, 0.04527886
1.200000, 0.932039, 0.315191, 0.04716676
1.300000, 0.963558, 0.218915, 0.04858338
1.400000, 0.985450, 0.120453, 0.04951458
1.500000, 0.997495, 0.020786, 0.04995104
1.600000, 0.999574, -0.079088, 0.04988840
1.700000, 0.991665, -0.178172, 0.04932730
1.800000, 0.973848, -0.275475, 0.04827334
1.900000, 0.946300, -0.370027, 0.04673704
2.000000, 0.909297, -0.460881, 0.04473377
2.100000, 0.863209, -0.547130, 0.04228352
2.200000, 0.808496, -0.627912, 0.03941080
2.300000, 0.745705, -0.702420, 0.03614429
2.400000, 0.675463, -0.769910, 0.03251665
2.500000, 0.598472, -0.829708, 0.02856411
2.600000, 0.515501, -0.881215, 0.02432616
2.700000, 0.427380, -0.923917, 0.01984516
2.800000, 0.334988, -0.957388, 0.01516587
2.900000, 0.239249, -0.981293, 0.01033505
3.000000, 0.141120, -0.995393, 0.00540096
3.100000, 0.041581, -0.999548, 0.00041291
3.200000, -0.058374, -0.993716, -0.00457927
3.300000, -0.157746, -0.977954, -0.00952569
3.400000, -0.255541, -0.952421, -0.01437694
3.500000, -0.350783, -0.917372, -0.01908453
3.600000, -0.442520, -0.873157, -0.02360144
3.700000, -0.529836, -0.820218, -0.02788253
3.800000, -0.611858, -0.759083, -0.03188503
3.900000, -0.687766, -0.690363, -0.03556894
4.000000, -0.756802, -0.614746, -0.03889746
4.100000, -0.818277, -0.532987, -0.04183733
4.200000, -0.871576, -0.445902, -0.04435918
4.300000, -0.916166, -0.354361, -0.04643780
4.400000, -0.951602, -0.259280, -0.04805243
4.500000, -0.977530, -0.161609, -0.04918694
4.600000, -0.993691, -0.062323, -0.04982999
4.700000, -0.999923, 0.037586, -0.04997515
4.800000, -0.996165, 0.137120, -0.04962098
4.900000, -0.982453, 0.235283, -0.04877101
5.000000, -0.958924, 0.331096, -0.04743374
5.100000, -0.925815, 0.423600, -0.04562252
5.200000, -0.883455, 0.511872, -0.04335546
5.300000, -0.832267, 0.595030, -0.04065521
5.400000, -0.772764, 0.672242, -0.03754874
5.500000, -0.705540, 0.742737, -0.03406710
5.600000, -0.631267, 0.805811, -0.03024507
5.700000, -0.550686, 0.860834, -0.02612085
5.800000, -0.464602, 0.907255, -0.02173563
5.900000, -0.373877, 0.944612, -0.01713324
6.000000, -0.279415, 0.972530, -0.01235965
6.100000, -0.182163, 0.990731, -0.00746258
6.200000, -0.083089, 0.999033, -0.00249094
6.300000, 0.016814, 0.997353, 0.00250559
6.400000, 0.116549, 0.985708, 0.00747709
6.500000, 0.215120, 0.964214, 0.01237387
6.600000, 0.311541, 0.933086, 0.01714702
6.700000, 0.404850, 0.892634, 0.02174884
6.800000, 0.494113, 0.843264, 0.02613336
6.900000, 0.578440, 0.785468, 0.03025676
7.000000, 0.656987, 0.719824, 0.03407784
7.100000, 0.728969, 0.646988, 0.03755843
7.200000, 0.793668, 0.567688, 0.04066375
7.300000, 0.850437, 0.482715, 0.04336277
7.400000, 0.898708, 0.392919, 0.04562852
7.500000, 0.938000, 0.299197, 0.04743837
7.600000, 0.967920, 0.202486, 0.04877422
7.700000, 0.988168, 0.103751, 0.04962275
7.800000, 0.998543, 0.003980, 0.04997546
7.900000, 0.998941, -0.095831, 0.04982883
8.000000, 0.989358, -0.194684, 0.04918432
8.100000, 0.969890, -0.291593, 0.04804839
8.200000, 0.940731, -0.385587, 0.04643237
8.300000, 0.902172, -0.475729, 0.04435241
8.400000, 0.854599, -0.561118, 0.04182930
8.500000, 0.798487, -0.640900, 0.03888824
8.600000, 0.734397, -0.714279, 0.03555863
8.700000, 0.662969, -0.780520, 0.03187373
8.800000, 0.584917, -0.838963, 0.02787035
8.900000, 0.501021, -0.889024, 0.02358850
9.000000, 0.412118, -0.930201, 0.01907097
9.100000, 0.319098, -0.962084, 0.01436288
9.200000, 0.222890, -0.984355, 0.00951128
9.300000, 0.124454, -0.996790, 0.00456466
9.400000, 0.024775, -0.999265, -0.00042758
9.500000, -0.075151, -0.991757, -0.00541555
9.600000, -0.174327, -0.974338, -0.01034940
9.700000, -0.271761, -0.947185, -0.01517985
9.800000, -0.366479, -0.910568, -0.01985863
9.900000, -0.457536, -0.864852, -0.02433898
10.000000, -0.544021, -0.810495, -0.02857615
10.100000, -0.625071, -0.748040, -0.03252779
10.200000, -0.699875, -0.678111, -0.03615443
10.300000, -0.767686, -0.601407, -0.03941982
10.400000, -0.827826, -0.518693, -0.04229135
10.500000, -0.879696, -0.430797, -0.04474031
10.600000, -0.922775, -0.338596, -0.04674224
10.700000, -0.956635, -0.243012, -0.04827714
10.800000, -0.980936, -0.145000, -0.04932967
10.900000, -0.995436, -0.045540, -0.04988932
11.000000, -0.999990, 0.054376, -0.04995049
11.100000, -0.994553, 0.153749, -0.04951256
11.200000, -0.979178, 0.251585, -0.04857993
11.300000, -0.954019, 0.346907, -0.04716190
11.400000, -0.919329, 0.438764, -0.04527264
11.500000, -0.875452, 0.526236, -0.04293104
11.600000, -0.822829, 0.608450, -0.04016048
11.700000, -0.761984, 0.684585, -0.03698865
11.800000, -0.693525, 0.753880, -0.03344725
11.900000, -0.618137, 0.815642, -0.02957165
12.000000, -0.536573, 0.869255, -0.02540058
12.100000, -0.449647, 0.914182, -0.02097571
12.200000, -0.358229, 0.949975, -0.01634126
12.300000, -0.263232, 0.976276, -0.01154354
12.400000, -0.165604, 0.992823, -0.00663048
12.500000, -0.066322, 0.999449, -0.00165117
12.600000, 0.033623, 0.996090, 0.00334464
12.700000, 0.133232, 0.982778, 0.00830703
12.800000, 0.231510, 0.959646, 0.01318643
12.900000, 0.327474, 0.926926, 0.01793406
13.000000, 0.420167, 0.884944, 0.02250251
13.100000, 0.508661, 0.834121, 0.02684611
13.200000, 0.592074, 0.774962, 0.03092148
13.300000, 0.669570, 0.708061, 0.03468790
13.400000, 0.740376, 0.634085, 0.03810772
13.500000, 0.803784, 0.553774, 0.04114678
13.600000, 0.859162, 0.467929, 0.04377472
13.700000, 0.905955, 0.377409, 0.04596527
13.800000, 0.943696, 0.283118, 0.04769656
13.900000, 0.972008, 0.185999, 0.04895128
14.000000, 0.990607, 0.087020, 0.04971689
14.100000, 0.999309, -0.012827, 0.04998575
14.200000, 0.998027, -0.112547, 0.04975516
14.300000, 0.986772, -0.211142, 0.04902744
14.400000, 0.965658, -0.307627, 0.04780985
14.500000, 0.934895, -0.401039, 0.04611457
14.600000, 0.894791, -0.490443, 0.04395852
14.700000, 0.845747, -0.574948, 0.04136325
14.800000, 0.788252, -0.653707, 0.03835470
14.900000, 0.722881, -0.725935, 0.03496291
15.000000, 0.650288, -0.790910, 0.03122179
15.100000, 0.571197, -0.847982, 0.02716871
15.200000, 0.486399, -0.896581, 0.02284417
15.300000, 0.396741, -0.936222, 0.01829138
15.400000, 0.303118, -0.966509, 0.01355583
15.500000, 0.206467, -0.987138, 0.00868483
15.600000, 0.107754, -0.997905, 0.00372706
15.700000, 0.007963, -0.998700, -0.00126795
15.800000, -0.091907, -0.989517, -0.00625030
15.900000, -0.190859, -0.970447, -0.01117019
16.000000, -0.287903, -0.941681, -0.01597848
16.100000, -0.382071, -0.903506, -0.02062711
16.200000, -0.472422, -0.856303, -0.02506964
16.300000, -0.558052, -0.800544, -0.02926169
16.400000, -0.638107, -0.736787, -0.03316136
16.500000, -0.711785, -0.665667, -0.03672970
16.600000, -0.778352, -0.587897, -0.03993104
16.700000, -0.837142, -0.504253, -0.04273341
16.800000, -0.887567, -0.415570, -0.04510880
16.900000, -0.929124, -0.322735, -0.04703347
17.000000, -0.961397, -0.226675, -0.04848821
17.100000, -0.984065, -0.128351, -0.04945846
17.200000, -0.996900, -0.028744, -0.04993454
17.300000, -0.999774, 0.071151, -0.04991170
17.400000, -0.992659, 0.170334, -0.04939015
17.500000, -0.975626, 0.267815, -0.04837511
17.600000, -0.948844, 0.362620, -0.04687673
17.700000, -0.912582, 0.453803, -0.04490996
17.800000, -0.867202, 0.540451, -0.04249448
17.900000, -0.813157, 0.621699, -0.03965440
18.000000, -0.750987, 0.696735, -0.03641810
18.100000, -0.681314, 0.764809, -0.03281793
18.200000, -0.604833, 0.825242, -0.02888986
18.300000, -0.522309, 0.877430, -0.02467312
18.400000, -0.434566, 0.920850, -0.02020986
18.500000, -0.342481, 0.955070, -0.01554467
18.600000, -0.246974, 0.979746, -0.01072417
18.700000, -0.148999, 0.994634, -0.00579651
18.800000, -0.049536, 0.999583, -0.00081093
18.900000, 0.050423, 0.994545, 0.00418275
19.000000, 0.149877, 0.979570, 0.00913463
19.100000, 0.247834, 0.954807, 0.01399525
19.200000, 0.343315, 0.920504, 0.01871603
19.300000, 0.435365, 0.877004, 0.02324981
19.400000, 0.523066, 0.824741, 0.02755128
19.500000, 0.605540, 0.764238, 0.03157747
19.600000, 0.681964, 0.696098, 0.03528814
19.700000, 0.751573, 0.621003, 0.03864623
19.800000, 0.813674, 0.539704, 0.04161818
19.900000, 0.867644, 0.453012, 0.04417429
20.000000, 0.912945, 0.361793, 0.04628903
20.100000, 0.949125, 0.266960, 0.04794127
20.200000, 0.975821, 0.169459, 0.04911449
20.300000, 0.992766, 0.070265, 0.04979697
20.400000, 0.999793, -0.029631, 0.04998190
20.500000, 0.996830, -0.129231, 0.04966743
20.600000, 0.983907, -0.227540, 0.04885670
20.700000, 0.961153, -0.323575, 0.04755780
20.800000, 0.928795, -0.416377, 0.04578373
20.900000, 0.887158, -0.505019, 0.04355220
21.000000, 0.836656, -0.588615, 0.04088551
21.100000, 0.777794, -0.666329, 0.03781030
21.200000, 0.711161, -0.737386, 0.03435731
21.300000, 0.637423, -0.801075, 0.03056103
21.400000, 0.557315, -0.856761, 0.02645940
21.500000, 0.471639, -0.903885, 0.02209339
21.600000, 0.381250, -0.941978, 0.01750663
21.700000, 0.287053, -0.970660, 0.01274495
21.800000, 0.189987, -0.989643, 0.00785593
21.900000, 0.091022, -0.998737, 0.00288841
22.000000, -0.008851, -0.997853, -0.00210797
22.100000, -0.108637, -0.986998, -0.00708328
22.200000, -0.207336, -0.966282, -0.01198782
22.300000, -0.303965, -0.935911, -0.01677258
22.400000, -0.397556, -0.896188, -0.02138976
22.500000, -0.487175, -0.847511, -0.02579321
22.600000, -0.571926, -0.790367, -0.02993895
22.700000, -0.650962, -0.725325, -0.03378555
22.800000, -0.723495, -0.653035, -0.03729458
22.900000, -0.788798, -0.574221, -0.04043097
23.000000, -0.846220, -0.489670, -0.04316338
23.100000, -0.895187, -0.400225, -0.04546453
23.200000, -0.935210, -0.306782, -0.04731140
23.300000, -0.965888, -0.210274, -0.04868556
23.400000, -0.986916, -0.111665, -0.04957327
23.500000, -0.998082, -0.011940, -0.04996565
23.600000, -0.999276, 0.087905, -0.04985880
23.700000, -0.990486, 0.186871, -0.04925377
23.800000, -0.971798, 0.283970, -0.04815662
23.900000, -0.943401, 0.378231, -0.04657830
24.000000, -0.905578, 0.468714, -0.04453459
24.100000, -0.858707, 0.554513, -0.04204590
24.200000, -0.803256, 0.634771, -0.03913710
24.300000, -0.739779, 0.708688, -0.03583726
24.400000, -0.668910, 0.775523, -0.03217934
24.500000, -0.591358, 0.834609, -0.02819990
24.600000, -0.507897, 0.885357, -0.02393870
24.700000, -0.419361, 0.927258, -0.01943830
24.800000, -0.326635, 0.959894, -0.01474369
24.900000, -0.230646, 0.982940, -0.00990176
25.000000, -0.132352, 0.996164, -0.00496090
25.100000, -0.032735, 0.999435, 0.00002954
25.200000, 0.067208, 0.992719, 0.00501967
25.300000, 0.166480, 0.976085, 0.00995965
25.400000, 0.264089, 0.949698, 0.01480012
25.500000, 0.359058, 0.913822, 0.01949271
25.600000, 0.450441, 0.868816, 0.02399053
25.700000, 0.537322, 0.815128, 0.02824865
25.800000, 0.618835, 0.753296, 0.03222452
25.900000, 0.694165, 0.683938, 0.03587841
26.000000, 0.762558, 0.607746, 0.03917382
26.100000, 0.823333, 0.525481, 0.04207781
26.200000, 0.875881, 0.437966, 0.04456138
26.300000, 0.919678, 0.346074, 0.04659970
26.400000, 0.954285, 0.250725, 0.04817242
26.500000, 0.979358, 0.152871, 0.04926381
26.600000, 0.994645, 0.053490, 0.04986298
26.700000, 0.999994, -0.046426, 0.04996393
26.800000, 0.995351, -0.145879, 0.04956565
26.900000, 0.980763, -0.243873, 0.04867214
27.000000, 0.956376, -0.339431, 0.04729231
27.100000, 0.922433, -0.431598, 0.04543994
27.200000, 0.879273, -0.519452, 0.04313356
27.300000, 0.827328, -0.602115, 0.04039620
27.400000, 0.767116, -0.678763, 0.03725522
27.500000, 0.699240, -0.748629, 0.03374199
27.600000, 0.624377, -0.811015, 0.02989163
27.700000, 0.543276, -0.865297, 0.02574260
27.800000, 0.456746, -0.910934, 0.02133635
27.900000, 0.365653, -0.947468, 0.01671692
28.000000, 0.270906, -0.974536, 0.01193046
28.100000, 0.173452, -0.991867, 0.00702480
28.200000, 0.074265, -0.999287, 0.00204895
28.300000, -0.025663, -0.996723, -0.00294738
28.400000, -0.125336, -0.984200, -0.00791426
28.500000, -0.223756, -0.961843, -0.01280206
28.600000, -0.319940, -0.929876, -0.01756195
28.700000, -0.412928, -0.888618, -0.02214636
28.800000, -0.501789, -0.838480, -0.02650949
28.900000, -0.585637, -0.779965, -0.03060775
29.000000, -0.663634, -0.713657, -0.03440019
29.100000, -0.735000, -0.640219, -0.03784891
29.200000, -0.799021, -0.560383, -0.04091946
29.300000, -0.855060, -0.474948, -0.04358116
29.400000, -0.902555, -0.384768, -0.04580740
29.500000, -0.941031, -0.290743, -0.04757596
29.600000, -0.970106, -0.193813, -0.04886915
29.700000, -0.989487, -0.094947, -0.04967405
29.800000, -0.998982, 0.004868, -0.04998263
29.900000, -0.998495, 0.104634, -0.04979180
30.000000, -0.988032, 0.203355, -0.04910347
30.100000, -0.967696, 0.300044, -0.04792451
30.200000, -0.937692, 0.393735, -0.04626671
30.300000, -0.898318, 0.483492, -0.04414662
30.400000, -0.849969, 0.568418, -0.04158543
30.500000, -0.793127, 0.647665, -0.03860874
30.600000, -0.728361, 0.720440, -0.03524628
30.700000, -0.656317, 0.786017, -0.03153165
30.800000, -0.577715, 0.843740, -0.02750197
30.900000, -0.493341, 0.893033, -0.02319750
31.000000, -0.404038, 0.933404, -0.01866124
31.100000, -0.310697, 0.964447, -0.01393853
31.200000, -0.214253, 0.985855, -0.00907655
31.300000, -0.115667, 0.997412, -0.00412388
31.400000, -0.015926, 0.999003, 0.00086999
31.500000, 0.083974, 0.990613, 0.00585517
31.600000, 0.183036, 0.972324, 0.01078185
31.700000, 0.280268, 0.944321, 0.01560080
31.800000, 0.374700, 0.906882, 0.02026388
31.900000, 0.465388, 0.860382, 0.02472448
32.000000, 0.551427, 0.805285, 0.02893804
32.100000, 0.631955, 0.742142, 0.03286247
32.200000, 0.706169, 0.671584, 0.03645854
32.300000, 0.773328, 0.594316, 0.03969033
32.400000, 0.832759, 0.511109, 0.04252555
32.500000, 0.883870, 0.422796, 0.04493587
32.600000, 0.926150, 0.330258, 0.04689720
32.700000, 0.959176, 0.234420, 0.04838995
32.800000, 0.982618, 0.136241, 0.04939921
32.900000, 0.996242, 0.036699, 0.04991489
33.000000, 0.999912, -0.063209, 0.04993183
33.100000, 0.993591, -0.162485, 0.04944987
33.200000, 0.977343, -0.260138, 0.04847382
33.300000, 0.951329, -0.355191, 0.04701344
33.400000, 0.915810, -0.446696, 0.04508331
33.500000, 0.871140, -0.533737, 0.04270273
33.600000, 0.817766, -0.615446, 0.03989548
33.700000, 0.756222, -0.691005, 0.03668960
33.800000, 0.687121, -0.759660, 0.03311714
33.900000, 0.611155, -0.820725, 0.02921378
34.000000, 0.529083, -0.873589, 0.02501852
34.100000, 0.441724, -0.917724, 0.02057329
34.200000, 0.349951, -0.952690, 0.01592249
34.300000, 0.254682, -0.978137, 0.01111261
34.400000, 0.156869, -0.993811, 0.00619169
34.500000, 0.057487, -0.999555, 0.00120890
34.600000, -0.042468, -0.995312, -0.00378596
34.700000, -0.141999, -0.981124, -0.00874300
34.800000, -0.240112, -0.957133, -0.01361268
34.900000, -0.335825, -0.923578, -0.01834634
35.000000, -0.428183, -0.880796, -0.02289670
35.100000, -0.516262, -0.829212, -0.02721828
35.200000, -0.599183, -0.769344, -0.03126790
35.300000, -0.676118, -0.701788, -0.03500510
35.400000, -0.746297, -0.627221, -0.03839255
35.500000, -0.809019, -0.546386, -0.04139639
35.600000, -0.863657, -0.460093, -0.04398661
35.700000, -0.909667, -0.369202, -0.04613733
35.800000, -0.946587, -0.274622, -0.04782706
35.900000, -0.974049, -0.177298, -0.04903892
36.000000, -0.991779, -0.078203, -0.04976080
36.100000, -0.999599, 0.021674, -0.04998548
36.200000, -0.997432, 0.121334, -0.04971073
36.300000, -0.985298, 0.219782, -0.04893928
36.400000, -0.963320, 0.316033, -0.04767885
36.500000, -0.931717, 0.409127, -0.04594203
36.600000, -0.890804, 0.498134, -0.04374617
36.700000, -0.840991, 0.582163, -0.04111321
36.800000, -0.782775, 0.660375, -0.03806946
36.900000, -0.716737, 0.731989, -0.03464534
37.000000, -0.643538, 0.796289, -0.03087505
37.100000, -0.563909, 0.852633, -0.02679627
37.200000, -0.478646, 0.900458, -0.02244974
37.300000, -0.388600, 0.939285, -0.01787891
37.400000, -0.294672, 0.968728, -0.01312944
37.500000, -0.197799, 0.988491, -0.00824878
37.600000, -0.098950, 0.998378, -0.00328570
37.700000, 0.000888, 0.998289, 0.00171020
37.800000, 0.100717, 0.988226, 0.00668902
37.900000, 0.199540, 0.968289, 0.01160101
38.000000, 0.296369, 0.938677, 0.01639708
38.100000, 0.390236, 0.899685, 0.02102931
38.200000, 0.480205, 0.851705, 0.02545143
38.300000, 0.565375, 0.795215, 0.02961925
38.400000, 0.644897, 0.730779, 0.03349112
38.500000, 0.717975, 0.659041, 0.03702836
38.600000, 0.783879, 0.580718, 0.04019562
38.700000, 0.841951, 0.496593, 0.04296127
38.800000, 0.891610, 0.407507, 0.04529765
38.900000, 0.932361, 0.314348, 0.04718144
39.000000, 0.963795, 0.218049, 0.04859381
39.100000, 0.985600, 0.119571, 0.04952064
39.200000, 0.997557, 0.019899, 0.04995268
39.300000, 0.999547, -0.079973, 0.04988561
39.400000, 0.991550, -0.179045, 0.04932010
39.500000, 0.973645, -0.276329, 0.04826180
39.600000, 0.946013, -0.370851, 0.04672128
39.700000, 0.908927, -0.461668, 0.04471394
39.800000, 0.862761, -0.547872, 0.04225983
39.900000, 0.807973, -0.628602, 0.03938348
40.000000, 0.745113, -0.703052, 0.03611361
40.100000, 0.674808, -0.770476, 0.03248292
40.200000, 0.597760, -0.830202, 0.02852766
40.300000, 0.514740, -0.881634, 0.02428737
40.400000, 0.426577, -0.924256, 0.01980440
40.500000, 0.334151, -0.957643, 0.01512356
40.600000, 0.238387, -0.981462, 0.01029161
40.700000, 0.140241, -0.995474, 0.00535682
40.800000, 0.040693, -0.999540, 0.00036851
40.900000, -0.059261, -0.993619, -0.00462348
41.000000, -0.158623, -0.977770, -0.00956927
41.100000, -0.256400, -0.952151, -0.01441945
41.200000, -0.351615, -0.917019, -0.01912556
41.300000, -0.443317, -0.872724, -0.02364057
41.400000, -0.530589, -0.819710, -0.02791937
41.500000, -0.612560, -0.758505, -0.03191921
41.600000, -0.688411, -0.689721, -0.03560012
41.700000, -0.757383, -0.614046, -0.03892533
41.800000, -0.818787, -0.532235, -0.04186161
41.900000, -0.872011, -0.445107, -0.04437962
42.000000, -0.916522, -0.353531, -0.04645421
42.100000, -0.951875, -0.258423, -0.04806464
42.200000, -0.977717, -0.160733, -0.04919483
42.300000, -0.993790, -0.061436, -0.04983347
42.400000, -0.999934, 0.038474, -0.04997420
42.500000, -0.996087, 0.137999, -0.04961560
42.600000, -0.982287, 0.236146, -0.04876126
42.700000, -0.958672, 0.331933, -0.04741971
42.800000, -0.925479, 0.424404, -0.04560436
42.900000, -0.883038, 0.512634, -0.04333335
43.000000, -0.831775, 0.595743, -0.04062937
43.100000, -0.772200, 0.672898, -0.03751942
43.200000, -0.704911, 0.743331, -0.03403460
43.300000, -0.630578, 0.806336, -0.03020972
43.400000, -0.549944, 0.861285, -0.02608299
43.500000, -0.463816, 0.907627, -0.02169564
43.600000, -0.373053, 0.944902, -0.01709152
43.700000, -0.278563, 0.972735, -0.01231663
43.800000, -0.181289, 0.990849, -0.00741868
43.900000, -0.082204, 0.999062, -0.00244659
44.000000, 0.017702, 0.997293, 0.00254993
44.100000, 0.117431, 0.985560, 0.00752098
44.200000, 0.215987, 0.963979, 0.01241688
44.300000, 0.312385, 0.932767, 0.01718872
44.400000, 0.405662, 0.892234, 0.02178881
44.500000, 0.494885, 0.842787, 0.02617119
44.600000, 0.579164, 0.784919, 0.03029208
44.700000, 0.657656, 0.719208, 0.03411031
44.800000, 0.729577, 0.646311, 0.03758771
44.900000, 0.794208, 0.566957, 0.04068955
45.000000, 0.850904, 0.481937, 0.04338483
45.100000, 0.899097, 0.392102, 0.04564663
45.200000, 0.938307, 0.298350, 0.04745234
45.300000, 0.968142, 0.201616, 0.04878392
45.400000, 0.988304, 0.102868, 0.04962807
45.500000, 0.998591, 0.003092, 0.04997635
45.600000, 0.998900, -0.096715, 0.04982529
45.700000, 0.989229, -0.195555, 0.04917638
45.800000, 0.969673, -0.292442, 0.04803613
45.900000, 0.940429, -0.386406, 0.04641591
46.000000, 0.901788, -0.476510, 0.04433192
46.100000, 0.854137, -0.561852, 0.04180498
46.200000, 0.797952, -0.641581, 0.03886034
46.300000, 0.733794, -0.714899, 0.03552741
46.400000, 0.662304, -0.781075, 0.03183951
46.500000, 0.584197, -0.839446, 0.02783349
46.600000, 0.500252, -0.889429, 0.02354935
46.700000, 0.411309, -0.930526, 0.01902992
46.800000, 0.318257, -0.962325, 0.01432035
46.900000, 0.222024, -0.984509, 0.00946770
47.000000, 0.123573, -0.996856, 0.00452044
47.100000, 0.023888, -0.999243, -0.00047198
47.200000, -0.076037, -0.991645, -0.00545968
47.300000, -0.175201, -0.974140, -0.01039283
47.400000, -0.272615, -0.946901, -0.01522214
47.500000, -0.367305, -0.910201, -0.01989936
47.600000, -0.458325, -0.864407, -0.02437775
47.700000, -0.544766, -0.809975, -0.02861256
47.800000, -0.625764, -0.747451, -0.03256149
47.900000, -0.700509, -0.677459, -0.03618507
48.000000, -0.768255, -0.600697, -0.03944711
48.100000, -0.828324, -0.517934, -0.04231500
48.200000, -0.880118, -0.429995, -0.04476009
48.300000, -0.923117, -0.337761, -0.04675796
48.400000, -0.956893, -0.242151, -0.04828863
48.500000, -0.981108, -0.144122, -0.04933683
48.600000, -0.995521, -0.044653, -0.04989206
48.700000, -0.999986, 0.055263, -0.04994879
48.800000, -0.994460, 0.154626, -0.04950645
48.900000, -0.978997, 0.252444, -0.04856945
49.000000, -0.953753, 0.347740, -0.04714717
49.100000, -0.918979, 0.439561, -0.04525381
49.200000, -0.875023, 0.526990, -0.04290828
49.300000, -0.822324, 0.609154, -0.04013403
49.400000, -0.761408, 0.685232, -0.03695878
49.500000, -0.692885, 0.754462, -0.03341424
49.600000, -0.617439, 0.816155, -0.02953584
49.700000, -0.535823, 0.869693, -0.02536233
49.800000, -0.448854, 0.914541, -0.02093541
49.900000, -0.357400, 0.950251, -0.01629930
50.000000, -0.262375, 0.976466, -0.01150034
50.100000, -0.164728, 0.992925, -0.00658647
50.200000, -0.065436, 0.999464, -0.00160679
50.300000, 0.034511, 0.996015, 0.00338894
50.400000, 0.134112, 0.982615, 0.00835081
50.500000, 0.232374, 0.959397, 0.01322924
50.600000, 0.328313, 0.926593, 0.01797549
50.700000, 0.420973, 0.884531, 0.02254214
50.800000, 0.509426, 0.833631, 0.02688355
50.900000, 0.592789, 0.774401, 0.03095635
51.000000, 0.670229, 0.707434, 0.03471985
51.100000, 0.740973, 0.633399, 0.03813643
51.200000, 0.804312, 0.553035, 0.04117197
51.300000, 0.859616, 0.467145, 0.04379613
51.400000, 0.906330, 0.376587, 0.04598270
51.500000, 0.943989, 0.282267, 0.04770982
51.600000, 0.972216, 0.185126, 0.04896024
51.700000, 0.990728, 0.086136, 0.04972147
51.800000, 0.999342, -0.013715, 0.04998590
51.900000, 0.997970, -0.113429, 0.04975088
52.000000, 0.986628, -0.212010, 0.04901877
52.100000, 0.965427, -0.308472, 0.04779688
52.200000, 0.934579, -0.401852, 0.04609742
52.300000, 0.894394, -0.491217, 0.04393737
52.400000, 0.845273, -0.575674, 0.04133831
52.500000, 0.787705, -0.654379, 0.03832621
52.600000, 0.722267, -0.726545, 0.03493117
52.700000, 0.649613, -0.791452, 0.03118711
52.800000, 0.570468, -0.848452, 0.02713144
52.900000, 0.485622, -0.896973, 0.02280468
53.000000, 0.395925, -0.936533, 0.01825006
53.100000, 0.302272, -0.966735, 0.01351309
53.200000, 0.205598, -0.987278, 0.00864111
53.300000, 0.106871, -0.997956, 0.00368279
53.400000, 0.007075, -0.998663, -0.00131233
53.500000, -0.092791, -0.989391, -0.00629434
53.600000, -0.191730, -0.970234, -0.01121346
53.700000, -0.288754, -0.941383, -0.01602054
53.800000, -0.382892, -0.903126, -0.02066754
53.900000, -0.473205, -0.855845, -0.02510804
54.000000, -0.558789, -0.800012, -0.02929767
54.100000, -0.638790, -0.736186, -0.03319457
54.200000, -0.712409, -0.665005, -0.03675979
54.300000, -0.778909, -0.587179, -0.03995773
54.400000, -0.837627, -0.503486, -0.04275642
54.500000, -0.887976, -0.414762, -0.04512791
54.600000, -0.929452, -0.321894, -0.04704849
54.700000, -0.961642, -0.225810, -0.04849897
54.800000, -0.984223, -0.127470, -0.04946488
54.900000, -0.996970, -0.027856, -0.04993654
55.000000, -0.999755, 0.072036, -0.04990926
55.100000, -0.992552, 0.171208, -0.04938330
55.200000, -0.975431, 0.268670, -0.04836391
55.300000, -0.948564, 0.363448, -0.04686129
55.400000, -0.912219, 0.454594, -0.04489045
55.500000, -0.866760, 0.541197, -0.04247108
55.600000, -0.812640, 0.622394, -0.03962735
55.700000, -0.750400, 0.697371, -0.03638768
55.800000, -0.680663, 0.765381, -0.03278443
55.900000, -0.604125, 0.825743, -0.02885362
56.000000, -0.521551, 0.877855, -0.02463450
56.100000, -0.433766, 0.921195, -0.02016925
56.200000, -0.341646, 0.955331, -0.01550247
56.300000, -0.246113, 0.979922, -0.01068080
56.400000, -0.148121, 0.994722, -0.00575241
56.500000, -0.048649, 0.999582, -0.00076654
56.600000, 0.051310, 0.994456, 0.00422699
56.700000, 0.150755, 0.979393, 0.00917828
56.800000, 0.248695, 0.954544, 0.01403787
56.900000, 0.344149, 0.920158, 0.01875719
57.000000, 0.436165, 0.876578, 0.02328910
57.100000, 0.523823, 0.824239, 0.02758831
57.200000, 0.606246, 0.763665, 0.03161187
57.300000, 0.682613, 0.695461, 0.03531957
57.400000, 0.752159, 0.620307, 0.03867437
57.500000, 0.814190, 0.538956, 0.04164275
57.600000, 0.868085, 0.452220, 0.04419505
57.700000, 0.913307, 0.360965, 0.04630577
57.800000, 0.949404, 0.266104, 0.04795382
57.900000, 0.976014, 0.168584, 0.04912272
58.000000, 0.992873, 0.069379, 0.04980081
58.100000, 0.999811, -0.030518, 0.04998131
58.200000, 0.996759, -0.130111, 0.04966240
58.300000, 0.983748, -0.228404, 0.04884729
58.400000, 0.960907, -0.324415, 0.04754412
58.500000, 0.928466, -0.417184, 0.04576589
58.600000, 0.886747, -0.505785, 0.04353039
58.700000, 0.836169, -0.589332, 0.04085995
58.800000, 0.777236, -0.666991, 0.03778125
58.900000, 0.710537, -0.737985, 0.03432505
59.000000, 0.636738, -0.801606, 0.03052589
59.100000, 0.556577, -0.857217, 0.02642172
59.200000, 0.470856, -0.904264, 0.02205355
59.300000, 0.380429, -0.942275, 0.01746504
59.400000, 0.286202, -0.970871, 0.01270202
59.500000, 0.189115, -0.989767, 0.00781208
59.600000, 0.090138, -0.998773, 0.00284409
59.700000, -0.009739, -0.997800, -0.00215232
59.800000, -0.109519, -0.986857, -0.00712722
59.900000, -0.208205, -0.966054, -0.01203091
60.000000, -0.304811, -0.935599, -0.01681440
60.100000, -0.398370, -0.895795, -0.02142987
60.200000, -0.487950, -0.847040, -0.02583123
60.300000, -0.572654, -0.789823, -0.02997449
60.400000, -0.651636, -0.724713, -0.03381826
60.500000, -0.724108, -0.652363, -0.03732412
60.600000, -0.789344, -0.573494, -0.04045706
60.700000, -0.846693, -0.488895, -0.04318576
60.800000, -0.895583, -0.399412, -0.04548296
60.900000, -0.935524, -0.305937, -0.04732571
61.000000, -0.966118, -0.209406, -0.04869560
61.100000, -0.987058, -0.110782, -0.04957894
61.200000, -0.998137, -0.011052, -0.04996690
61.300000, -0.999242, 0.088789, -0.04985561
61.400000, -0.990363, 0.187743, -0.04924618
61.500000, -0.971589, 0.284821, -0.04814470
61.600000, -0.943107, 0.379053, -0.04656217
61.700000, -0.905201, 0.469498, -0.04451441
61.800000, -0.858252, 0.555251, -0.04202187
61.900000, -0.802726, 0.635457, -0.03910947
62.000000, -0.739181, 0.709313, -0.03580630
62.100000, -0.668249, 0.776083, -0.03214536
62.200000, -0.590641, 0.835098, -0.02816323
62.300000, -0.507131, 0.885769, -0.02389971
62.400000, -0.418554, 0.927589, -0.01939739
62.500000, -0.325796, 0.960142, -0.01470126
62.600000, -0.229781, 0.983101, -0.00985824
62.700000, -0.131471, 0.996237, -0.00491672
62.800000, -0.031848, 0.999419, 0.00007393
62.900000, 0.068094, 0.992615, 0.00506384
63.000000, 0.167356, 0.975893, 0.01000315
63.100000, 0.264945, 0.949421, 0.01484252
63.200000, 0.359887, 0.913462, 0.01953358
63.300000, 0.451233, 0.868377, 0.02402947
63.400000, 0.538071, 0.814614, 0.02828527
63.500000, 0.619532, 0.752713, 0.03225845
63.600000, 0.694804, 0.683290, 0.03590931
63.700000, 0.763133, 0.607040, 0.03920138
63.800000, 0.823837, 0.524725, 0.04210176
63.900000, 0.876309, 0.437167, 0.04458148
64.000000, 0.920026, 0.345241, 0.04661575
64.100000, 0.954550, 0.249866, 0.04818425
64.200000, 0.979537, 0.151994, 0.04927131
64.300000, 0.994736, 0.052603, 0.04986607
64.400000, 0.999996, -0.047313, 0.04996259
64.500000, 0.995265, -0.146757, 0.04955989
64.600000, 0.980589, -0.244734, 0.04866201
64.700000, 0.956116, -0.340266, 0.04727791
64.800000, 0.922089, -0.432398, 0.04542143
64.900000, 0.878850, -0.520210, 0.04311111
65.000000, 0.826829, -0.602824, 0.04037004
65.100000, 0.766546, -0.679415, 0.03722561
65.200000, 0.698605, -0.749217, 0.03370923
65.300000, 0.623683, -0.811533, 0.02985603
65.400000, 0.542530, -0.865741, 0.02570453
65.500000, 0.455956, -0.911299, 0.02129620
65.600000, 0.364826, -0.947751, 0.01667508
65.700000, 0.270051, -0.974733, 0.01188735
65.800000, 0.172577, -0.991977, 0.00698084
65.900000, 0.073380, -0.999309, 0.00200459
66.000000, -0.026551, -0.996656, -0.00299170
66.100000, -0.126217, -0.984045, -0.00795809
66.200000, -0.224621, -0.961601, -0.01284497
66.300000, -0.320781, -0.929550, -0.01760350
66.400000, -0.413736, -0.888211, -0.02218615
66.500000, -0.502557, -0.837997, -0.02654712
66.600000, -0.586357, -0.779410, -0.03064284
66.700000, -0.664298, -0.713035, -0.03443239
66.800000, -0.735602, -0.639537, -0.03787790
66.900000, -0.799555, -0.559648, -0.04094494
67.000000, -0.855520, -0.474167, -0.04360288
67.100000, -0.902937, -0.383948, -0.04582516
67.200000, -0.941332, -0.289894, -0.04758956
67.300000, -0.970321, -0.192942, -0.04887846
67.400000, -0.989615, -0.094063, -0.04967899
67.500000, -0.999021, 0.005756, -0.04998314
67.600000, -0.998446, 0.105517, -0.04978787
67.700000, -0.987894, 0.204224, -0.04909514
67.800000, -0.967472, 0.300891, -0.04791187
67.900000, -0.937383, 0.394551, -0.04624988
68.000000, -0.897928, 0.484269, -0.04412578
68.100000, -0.849501, 0.569148, -0.04156078
68.200000, -0.792586, 0.648341, -0.03858053
68.300000, -0.727752, 0.721055, -0.03521479
68.400000, -0.655646, 0.786565, -0.03149719
68.500000, -0.576990, 0.844216, -0.02746489
68.600000, -0.492568, 0.893432, -0.02315816
68.700000, -0.403225, 0.933721, -0.01862005
68.800000, -0.309853, 0.964680, -0.01389589
68.900000, -0.213385, 0.986001, -0.00903289
69.000000, -0.114785, 0.997470, -0.00407964
69.100000, -0.015038, 0.998973, 0.00091438
69.200000, 0.084859, 0.990494, 0.00589926
69.300000, 0.183909, 0.972118, 0.01082520
69.400000, 0.281121, 0.944029, 0.01564298
69.500000, 0.375524, 0.906508, 0.02030445
69.600000, 0.466174, 0.859930, 0.02476305
69.700000, 0.552167, 0.804759, 0.02897423
69.800000, 0.632643, 0.741547, 0.03289591
69.900000, 0.706798, 0.670926, 0.03648890
70.000000, 0.773891, 0.593602, 0.03971730
70.100000, 0.833251, 0.510346, 0.04254887
70.200000, 0.884285, 0.421991, 0.04495530
70.300000, 0.926485, 0.329420, 0.04691255
70.400000, 0.959427, 0.233557, 0.04840106
70.500000, 0.982782, 0.135361, 0.04940597
70.600000, 0.996318, 0.035812, 0.04991723
70.700000, 0.999900, -0.064095, 0.04992974
70.800000, 0.993490, -0.163361, 0.04944336
70.900000, 0.977154, -0.260995, 0.04846296
71.000000, 0.951055, -0.356021, 0.04699834
71.100000, 0.915453, -0.447490, 0.04506412
71.200000, 0.870704, -0.534488, 0.04267964
71.300000, 0.817255, -0.616145, 0.03986872
71.400000, 0.755640, -0.691646, 0.03665944
71.500000, 0.686476, -0.760237, 0.03308387
71.600000, 0.610452, -0.821231, 0.02917774
71.700000, 0.528329, -0.874020, 0.02498008
71.800000, 0.440927, -0.918076, 0.02053282
71.900000, 0.349119, -0.952959, 0.01588040
72.000000, 0.253823, -0.978320, 0.01106932
72.100000, 0.155991, -0.993906, 0.00614763
72.200000, 0.056601, -0.999561, 0.00116452
72.300000, -0.043355, -0.995229, -0.00383023
72.400000, -0.142878, -0.980954, -0.00878671
72.500000, -0.240974, -0.956876, -0.01365539
72.600000, -0.336661, -0.923238, -0.01838763
72.700000, -0.428985, -0.880375, -0.02293615
72.800000, -0.517023, -0.828716, -0.02725550
72.900000, -0.599894, -0.768777, -0.03130253
73.000000, -0.676772, -0.701156, -0.03503678
73.100000, -0.746888, -0.626529, -0.03842096
73.200000, -0.809540, -0.545643, -0.04142126
73.300000, -0.864105, -0.459304, -0.04400768
73.400000, -0.910035, -0.368377, -0.04615439
73.500000, -0.946873, -0.273768, -0.04783995
73.600000, -0.974250, -0.176424, -0.04904750
73.700000, -0.991892, -0.077318, -0.04976499
73.800000, -0.999624, 0.022561, -0.04998524
73.900000, -0.997368, 0.122215, -0.04970606
74.000000, -0.985146, 0.220648, -0.04893023
74.100000, -0.963082, 0.316875, -0.04766550
74.200000, -0.931394, 0.409937, -0.04592452
74.300000, -0.890400, 0.498903, -0.04372467
74.400000, -0.840510, 0.582884, -0.04108794
74.500000, -0.782222, 0.661041, -0.03804068
74.600000, -0.716117, 0.732593, -0.03461332
74.700000, -0.642858, 0.796825, -0.03084012
74.800000, -0.563176, 0.853096, -0.02675878
74.900000, -0.477866, 0.900843, -0.02241007
75.000000, -0.387782, 0.939589, -0.01783745
75.100000, -0.293823, 0.968947, -0.01308660
75.200000, -0.196928, 0.988623, -0.00820499
75.300000, -0.098066, 0.998421, -0.00324140
75.400000, 0.001776, 0.998244, 0.00175457
75.500000, 0.101601, 0.988092, 0.00673302
75.600000, 0.200410, 0.968068, 0.01164419
75.700000, 0.297217, 0.938371, 0.01643901
75.800000, 0.391054, 0.899298, 0.02106958
75.900000, 0.480984, 0.851240, 0.02548963
76.000000, 0.566108, 0.794676, 0.02965500
76.100000, 0.645575, 0.730173, 0.03352406
76.200000, 0.718593, 0.658373, 0.03705817
76.300000, 0.784430, 0.579996, 0.04022200
76.400000, 0.842429, 0.495823, 0.04298394
76.500000, 0.892012, 0.406696, 0.04531641
76.600000, 0.932681, 0.313506, 0.04719608
76.700000, 0.964032, 0.217183, 0.04860419
76.800000, 0.985750, 0.118690, 0.04952667
76.900000, 0.997619, 0.019011, 0.04995428
77.000000, 0.999520, -0.080858, 0.04988278
77.100000, 0.991434, -0.179919, 0.04931286
77.200000, 0.973443, -0.277182, 0.04825022
77.300000, 0.945724, -0.371675, 0.04670548
77.400000, 0.908557, -0.462455, 0.04469407
77.500000, 0.862311, -0.548615, 0.04223610
77.600000, 0.807450, -0.629292, 0.03935612
77.700000, 0.744521, -0.703682, 0.03608290
77.800000, 0.674152, -0.771042, 0.03244916
77.900000, 0.597048, -0.830697, 0.02849120
78.000000, 0.513978, -0.882052, 0.02424856
78.100000, 0.425773, -0.924594, 0.01976363
78.200000, 0.333314, -0.957897, 0.01508124
78.300000, 0.237524, -0.981630, 0.01024816
78.400000, 0.139361, -0.995554, 0.00531268
78.500000, 0.039806, -0.999532, 0.00032412
78.600000, -0.060147, -0.993522, -0.00466768
78.700000, -0.159500, -0.977585, -0.00961284
78.800000, -0.257258, -0.951881, -0.01446195
78.900000, -0.352446, -0.916666, -0.01916657
79.000000, -0.444113, -0.872291, -0.02367967
79.100000, -0.531342, -0.819201, -0.02795618
79.200000, -0.613262, -0.757926, -0.03195336
79.300000, -0.689055, -0.689078, -0.03563127
79.400000, -0.757962, -0.613345, -0.03895317
79.500000, -0.819297, -0.531484, -0.04188586
79.600000, -0.872445, -0.444312, -0.04440004
79.700000, -0.916876, -0.352701, -0.04647058
79.800000, -0.952146, -0.257565, -0.04807681
79.900000, -0.977903, -0.159856, -0.04920268
80.000000, -0.993889, -0.060550, -0.04983692
80.100000, -0.999944, 0.039361, -0.04997321
80.200000, -0.996008, 0.138879, -0.04961019
80.300000, -0.982120, 0.237009, -0.04875147
80.400000, -0.958419, 0.332771, -0.04740565
80.500000, -0.925142, 0.425208, -0.04558617
80.600000, -0.882621, 0.513396, -0.04331120
80.700000, -0.831281, 0.596455, -0.04060349
80.800000, -0.771636, 0.673555, -0.03749007
80.900000, -0.704280, 0.743924, -0.03400207
81.000000, -0.629888, 0.806860, -0.03017433
81.100000, -0.549202, 0.861735, -0.02604510
81.200000, -0.463028, 0.907999, -0.02165564
81.300000, -0.372229, 0.945191, -0.01704980
81.400000, -0.277709, 0.972939, -0.01227360
81.500000, -0.180416, 0.990965, -0.00737477
81.600000, -0.081319, 0.999090, -0.00240225
81.700000, 0.018590, 0.997233, 0.00259427
81.800000, 0.118313, 0.985411, 0.00756487
81.900000, 0.216854, 0.963744, 0.01245988
82.000000, 0.313229, 0.932447, 0.01723040
82.100000, 0.406474, 0.891834, 0.02182875
82.200000, 0.495657, 0.842309, 0.02620901
82.300000, 0.579888, 0.784369, 0.03032739
82.400000, 0.658325, 0.718591, 0.03414274
82.500000, 0.730184, 0.645634, 0.03761696
82.600000, 0.794747, 0.566225, 0.04071532
82.700000, 0.851370, 0.481159, 0.04340687
82.800000, 0.899486, 0.391286, 0.04566470
82.900000, 0.938614, 0.297502, 0.04746628
83.000000, 0.968364, 0.200747, 0.04879358
83.100000, 0.988439, 0.101985, 0.04963336
83.200000, 0.998638, 0.002204, 0.04997721
83.300000, 0.998858, -0.097598, 0.04982171
83.400000, 0.989098, -0.196426, 0.04916841
83.500000, 0.969456, -0.293290, 0.04802383
83.600000, 0.940127, -0.387225, 0.04639941
83.700000, 0.901404, -0.477290, 0.04431139
83.800000, 0.853675, -0.562586, 0.04178062
83.900000, 0.797416, -0.642262, 0.03883240
84.000000, 0.733190, -0.715520, 0.03549617
84.100000, 0.661638, -0.781628, 0.03180528
84.200000, 0.583476, -0.839927, 0.02779660
84.300000, 0.499483, -0.889834, 0.02351018
84.400000, 0.410499, -0.930850, 0.01898886
84.500000, 0.317414, -0.962565, 0.01427781
84.600000, 0.221158, -0.984662, 0.00942410
84.700000, 0.122692, -0.996921, 0.00447623
84.800000, 0.023000, -0.999219, -0.00051637
84.900000, -0.076922, -0.991533, -0.00550381
85.000000, -0.176076, -0.973940, -0.01043625
85.100000, -0.273470, -0.946616, -0.01526443
85.200000, -0.368131, -0.909834, -0.01994008
85.300000, -0.459115, -0.863961, -0.02441650
85.400000, -0.545511, -0.809455, -0.02864895
85.500000, -0.626456, -0.746861, -0.03259516
85.600000, -0.701142, -0.676806, -0.03621569
85.700000, -0.768823, -0.599987, -0.03947436
85.800000, -0.828822, -0.517174, -0.04233861
85.900000, -0.880539, -0.429194, -0.04477984
86.000000, -0.923458, -0.336925, -0.04677364
86.100000, -0.957151, -0.241289, -0.04830009
86.200000, -0.981280, -0.143243, -0.04934394
86.300000, -0.995604, -0.043766, -0.04989476
86.400000, -0.999981, 0.056149, -0.04994705
86.500000, -0.994366, 0.155503, -0.04950029
86.600000, -0.978816, 0.253303, -0.04855894
86.700000, -0.953485, 0.348572, -0.04713240
86.800000, -0.918628, 0.440358, -0.04523493
86.900000, -0.874592, 0.527745, -0.04288549
87.000000, -0.821818, 0.609858, -0.04010755
87.100000, -0.760832, 0.685878, -0.03692887
87.200000, -0.692244, 0.755044, -0.03338121
87.300000, -0.616740, 0.816667, -0.02950001
87.400000, -0.535073, 0.870130, -0.02532406
87.500000, -0.448060, 0.914899, -0.02089508
87.600000, -0.356570, 0.950526, -0.01625733
87.700000, -0.261518, 0.976656, -0.01145713
87.800000, -0.163852, 0.993027, -0.00654246
87.900000, -0.064549, 0.999477, -0.00156242
88.000000, 0.035398, 0.995940, 0.00343323
88.100000, 0.134992, 0.982452, 0.00839458
88.200000, 0.233238, 0.959148, 0.01327205
88.300000, 0.329152, 0.926260, 0.01801691
88.400000, 0.421778, 0.884117, 0.02258176
88.500000, 0.510190, 0.833141, 0.02692097
88.600000, 0.593504, 0.773840, 0.03099120
88.700000, 0.670888, 0.706807, 0.03475177
88.800000, 0.741569, 0.632712, 0.03816512
88.900000, 0.804840, 0.552295, 0.04119713
89.000000, 0.860069, 0.466360, 0.04381752
89.100000, 0.906705, 0.375765, 0.04600009
89.200000, 0.944282, 0.281415, 0.04772305
89.300000, 0.972423, 0.184254, 0.04896917
89.400000, 0.990849, 0.085251, 0.04972601
89.500000, 0.999374, -0.014603, 0.04998601
89.600000, 0.997914, -0.114311, 0.04974656
89.700000, 0.986482, -0.212877, 0.04901006
89.800000, 0.965195, -0.309316, 0.04778386
89.900000, 0.934263, -0.402665, 0.04608023
90.000000, 0.893997, -0.491990, 0.04391618
90.100000, 0.844798, -0.576399, 0.04131333
90.200000, 0.787158, -0.655049, 0.03829770
90.300000, 0.721653, -0.727155, 0.03489940
90.400000, 0.648937, -0.791994, 0.03115240
90.500000, 0.569738, -0.848921, 0.02709414
90.600000, 0.484846, -0.897365, 0.02276516
90.700000, 0.395109, -0.936843, 0.01820872
90.800000, 0.301425, -0.966960, 0.01347035
90.900000, 0.204729, -0.987416, 0.00859738
91.000000, 0.105988, -0.998006, 0.00363851
91.100000, 0.006187, -0.998624, -0.00135671
91.200000, -0.093676, -0.989264, -0.00633838
91.300000, -0.192602, -0.970020, -0.01125672
91.400000, -0.289604, -0.941084, -0.01606258
91.500000, -0.383712, -0.902745, -0.02070795
91.600000, -0.473987, -0.855386, -0.02514642
91.700000, -0.559525, -0.799480, -0.02933363
91.800000, -0.639473, -0.735586, -0.03322775
91.900000, -0.713032, -0.664342, -0.03678986
92.000000, -0.779466, -0.586460, -0.03998439
92.100000, -0.838112, -0.502719, -0.04277940
92.200000, -0.888384, -0.413954, -0.04514698
92.300000, -0.929779, -0.321054, -0.04706346
92.400000, -0.961885, -0.224945, -0.04850970
92.500000, -0.984379, -0.126590, -0.04947125
92.600000, -0.997038, -0.026969, -0.04993850
92.700000, -0.999735, 0.072921, -0.04990678
92.800000, -0.992443, 0.172083, -0.04937640
92.900000, -0.975235, 0.269525, -0.04835268
93.000000, -0.948282, 0.364275, -0.04684583
93.100000, -0.911855, 0.455384, -0.04487091
93.200000, -0.866316, 0.541943, -0.04244765
93.300000, -0.812122, 0.623088, -0.03960028
93.400000, -0.749813, 0.698007, -0.03635723
93.500000, -0.680012, 0.765951, -0.03275091
93.600000, -0.603417, 0.826243, -0.02881735
93.700000, -0.520793, 0.878279, -0.02459586
93.800000, -0.432965, 0.921539, -0.02012862
93.900000, -0.340811, 0.955592, -0.01546026
94.000000, -0.245252, 0.980097, -0.01063743
94.100000, -0.147242, 0.994809, -0.00570831
94.200000, -0.047761, 0.999581, -0.00072215
94.300000, 0.052197, 0.994366, 0.00427122
94.400000, 0.151633, 0.979215, 0.00922192
94.500000, 0.249555, 0.954280, 0.01408047
94.600000, 0.344983, 0.919811, 0.01879833
94.700000, 0.436964, 0.876151, 0.02332837
94.800000, 0.524579, 0.823737, 0.02762532
94.900000, 0.606953, 0.763092, 0.03164625
95.000000, 0.683262, 0.694823, 0.03535097
95.100000, 0.752744, 0.619611, 0.03870249
95.200000, 0.814705, 0.538208, 0.04166729
95.300000, 0.868526, 0.451428, 0.04421578
95.400000, 0.913669, 0.360137, 0.04632247
95.500000, 0.949682, 0.265248, 0.04796633
95.600000, 0.976207, 0.167709, 0.04913092
95.700000, 0.992978, 0.068494, 0.04980461
95.800000, 0.999827, -0.031406, 0.04998067
95.900000, 0.996687, -0.130991, 0.04965734
96.000000, 0.983588, -0.229268, 0.04883785
96.100000, 0.960661, -0.325254, 0.04753039
96.200000, 0.928135, -0.417991, 0.04574802
96.300000, 0.886336, -0.506550, 0.04350855
96.400000, 0.835681, -0.590049, 0.04083436
96.500000, 0.776676, -0.667652, 0.03775217
96.600000, 0.709911, -0.738584, 0.03429276
96.700000, 0.636053, -0.802136, 0.03049072
96.800000, 0.555839, -0.857674, 0.02638402
96.900000, 0.470072, -0.904642, 0.02201370
97.000000, 0.379608, -0.942571, 0.01742343
97.100000, 0.285351, -0.971082, 0.01265907
97.200000, 0.188242, -0.989891, 0.00776823
97.300000, 0.089253, -0.998809, 0.00279976
97.400000, -0.010628, -0.997747, -0.00219667
97.500000, -0.110402, -0.986716, -0.00717116
97.600000, -0.209074, -0.965826, -0.01207400
97.700000, -0.305656, -0.935286, -0.01685620
97.800000, -0.399185, -0.895400, -0.02146997
97.900000, -0.488725, -0.846569, -0.02586923
98.000000, -0.573382, -0.789278, -0.03001001
98.100000, -0.652310, -0.724102, -0.03385094
98.200000, -0.724720, -0.651690, -0.03735364
98.300000, -0.789889, -0.572767, -0.04048311
98.400000, -0.847166, -0.488121, -0.04320810
98.500000, -0.895978, -0.398598, -0.04550136
98.600000, -0.935837, -0.305092, -0.04733998
98.700000, -0.966347, -0.208538, -0.04870560
98.800000, -0.987200, -0.109900, -0.04958458
98.900000, -0.998190, -0.010164, -0.04996811
99.000000, -0.999207, 0.089673, -0.04985239
99.100000, -0.990240, 0.188615, -0.04923855
99.200000, -0.971378, 0.285672, -0.04813274
99.300000, -0.942811, 0.379874, -0.04654600
99.400000, -0.904823, 0.470281, -0.04449419
99.500000, -0.857795, 0.555989, -0.04199781
99.600000, -0.802196, 0.636142, -0.03908180
99.700000, -0.738582, 0.709939, -0.03577530
99.800000, -0.667588, 0.776642, -0.03211135
99.900000, -0.589924, 0.835585, -0.02812654
100.000000, -0.506366, 0.886180, -0.02386071
